,PCA1,PCA2,PCA3,PCA4,PCA5,target_scaler
0,1.3870212130110975,0.42689532065058383,-0.5417027656255625,0.048483297593459374,-0.0721975598095518,1
1,0.4623082518856932,-0.5569467354644682,-0.20517453449362397,-0.042829893715397534,0.0161109257435875,1
2,0.9546214721750425,-0.10970114766654553,-0.14784835894752532,-0.001067597231389139,-0.033798128723839534,1
3,1.000815893760431,1.525088669953597,-0.053270834193973333,-0.20791602623803637,-0.21938141396784444,1
4,0.6268278348225509,-0.3024709297732836,-0.40933573505010434,0.2388108938637778,-0.002192770917170869,1
5,0.38354050385258653,0.6330265149243042,-0.19261675347408588,-0.273859747290319,-0.10695365311804154,1
6,0.4701760188231421,-0.34386043648726305,-0.0782204084483719,-0.20635975428709255,-0.029543676746417207,1
7,0.28236109019627165,0.3720107030246723,0.02712733892912087,-0.0952927215913684,-0.195520562463573,1
8,0.5515123819371455,0.5886171040780755,0.036648409249091636,-0.31098325894778384,-0.14722407339586463,1
9,0.9491817280338991,1.1567183510427141,0.3866289912394929,-0.5160080865770632,0.34898063042203953,1
10,-0.08249097225875048,-0.39856182016640596,0.23046626299240008,-0.13006914915488707,0.01704243649633722,1
11,0.4363526665720607,0.037372650440944635,-0.05135948599850645,-0.17362630191907272,0.09145685631876406,1
12,1.0182952483347176,0.2977538920817164,0.280854679621842,0.8058329457996813,0.12434254534106776,1
13,0.050991402410273466,-0.20278398694706645,0.13102379479719267,0.19033194925019473,0.05678414193916859,1
14,0.7108226604429816,0.746092895887059,0.1360601333676341,-0.2860299972382737,0.22901791159499846,1
15,0.6344813961431087,0.4811644186694142,0.3100921803555491,-0.3771599756157257,0.005181456845230677,1
16,0.0972189658074106,-0.19223651201355307,0.07750144796096332,-0.17609412830560028,-0.08198808953048296,1
17,0.7393414867590495,0.28739305483586164,-0.007932860729939628,-0.23772839827740208,-0.19432237874130795,1
18,0.864023868399217,-0.5269530949256138,6.161946472876473e-05,-0.12370236226468781,-0.035328156433290674,1
19,-0.14590327105722053,-0.02346442130321702,-0.2531884581291634,-0.057325473332116836,-0.07791359046179006,0
20,-0.23259772954195598,0.11798452674360876,-0.20039872745982598,-0.13096646170150655,-0.05264849435758817,0
21,-0.6065699865659984,0.23387493729334502,-0.27688106168931875,0.08657300228948864,-0.07437866468206589,0
22,0.7579018266076472,0.5205934481100297,-0.33794324955433697,-0.011978303408551803,0.07900471436798796,1
23,0.7693626751702443,-0.700850277549623,0.10384560994931077,-0.15206700924607863,-0.12424247379528523,1
24,0.8040197390553449,-0.12096471834372911,-0.016193255205985246,-0.2471468329523809,-0.2504191318147404,1
25,1.0517168000554071,0.36651643124701555,-0.3410710458953775,0.14403514785560692,-0.2764481029104081,1
26,0.6742746581215503,0.40459690372944523,0.08164159334257416,-0.4526885540198727,0.06045553602135244,1
27,0.4459346965220421,-0.3002131411010847,0.03576123529122512,0.2666925261549693,-0.041414141643112086,1
28,0.7068617336404434,0.17381607493219114,0.22464365775554196,-0.3664356238881173,-0.012031641101460542,1
29,0.2847407196303223,-0.21036338143230784,-0.2870076014396599,0.07930634910439592,0.040679425903509876,1
30,0.9612633395102993,-0.040370277089117876,0.15744844393642807,-0.025231356342974662,-0.08362652761686146,1
31,0.3859199150330986,0.636994193152754,0.0024773438411539827,-0.3208720630432718,-0.023852871831504998,1
32,0.7649703553297961,0.10448674028512682,0.09787001730766308,-0.06503297803196739,-0.20796393271615382,1
33,0.8382095336920286,-0.10016563709942768,0.10868874958086511,-0.3010652423788507,0.12917502296567296,1
34,0.5431608079410045,0.16272287447116213,-0.10460687150194603,-0.3530457953505002,0.0720728076516682,1
35,0.4823393934046405,-0.01903003154838225,0.030857098006934484,-0.23438348492987346,-0.06111028230300329,1
36,0.23054190646959308,0.14491241329798218,0.1139138378948078,-0.20492736063844008,0.08147266925320636,1
37,-0.5579791013851386,-0.2503779306178566,0.07534904123295125,0.20220596658925893,0.0034438020231901244,0
38,-0.3383868079640566,-0.45856084371110867,0.21337232587899768,0.4093989501264914,-0.059153046748500415,1
39,0.24059184493964605,0.1949972665560193,-0.0423028803928162,-0.36786918365400584,0.11559228663171023,1
40,-0.26392406826845577,-0.25211620279364966,0.13421613817422914,-0.19559595900032992,0.0770015355898423,1
41,0.022691523987859407,0.3933597391645273,0.19994850353775925,-0.3044766593505805,-0.24550128153293213,1
42,1.278685013176659,0.2605446699519481,0.22063438634564717,0.30250827715743467,0.23366600269965412,1
43,0.1916425454293906,0.20284380298224444,-0.0028634250932016016,-0.2612012934723412,-0.06330849451613976,1
44,0.06466951652813437,0.05848732242230687,0.06500173391132197,-0.4291279368895279,0.02232185014243307,1
45,0.9062273609499382,0.04697840551493186,-0.2759055123453419,-0.14803895811289733,0.03811253253164646,1
46,-0.7627986910056992,0.2057631859803347,-0.021053704959129067,-0.0069127013550200345,-0.05590195196460084,0
47,0.3319329104138742,0.40145145577593977,-0.057435186390461544,-0.36807142754980127,-0.12537890050124775,1
48,-0.3211546027589607,0.05183552025424699,-0.19305789985874508,-0.1667580999946541,-0.021660820636083107,0
49,-0.17900181871483645,-0.16358654154195995,0.20027840858801546,-0.10443114398557951,0.026143400617428637,0
50,-0.5829539329878928,-0.19214548445473278,0.12674268001575464,0.06877684734374988,-0.004226968630715692,0
51,-0.4319076285950599,-0.25377336104481985,-0.06786758767361031,-0.0802414502100707,0.17922842232915465,0
52,-0.5346516216047253,-0.09024990131041961,-0.0790499478453305,-0.021580103452136346,-0.005004983025473827,0
53,0.49863551612537976,-0.13016986447286719,-0.1200109207986407,0.1962986211030728,-0.17019681183196045,1
54,-0.008639306099882619,-0.27173390796914687,0.11897041254415412,-0.25502113660308695,0.010153603701485173,1
55,-0.47684128461227493,-0.003252431845468526,-0.03608190240397682,0.04527322179750767,-0.16940715548657148,0
56,0.7682602519783276,-0.2809130838175022,-0.10849952400884073,-0.09645818341620205,-0.18092446288984634,1
57,0.3832276159882915,0.18893588297722536,0.06708553671062681,-0.20070665013322636,-0.02838288197116621,1
58,-0.6231385842352931,-0.29775775570454643,0.0200637917762417,0.13162265255916522,-0.05414318689444005,0
59,-0.6914454569591542,0.3550532414564347,-0.3085011236463699,-0.13989631259146174,-0.16717421984138833,0
60,-0.5415609110047691,0.3596453268002325,-0.17932969755093173,0.23374302480986905,-0.406941551099972,0
61,-0.5412589959082549,0.42401765696606464,0.19115262728507315,0.12111616620847943,-0.33860182413257867,0
62,0.6859926024168654,0.49430245564316555,0.09890348928062744,-0.009121107934849706,0.19640986241608277,1
63,-0.50472412003082,0.39213946102911806,-0.02798833619204905,0.4100709945594504,0.018977822380870278,0
64,0.2886323554787037,0.28128653242147117,0.18478922051841037,-0.28793013255313815,-0.16202866866068857,1
65,0.34577853784985585,0.15465042483366434,0.1572223369709058,-0.18329528708106194,-0.20244661971805947,1
66,-0.49523590618900953,0.3054130534502864,0.26745528620641407,-0.02873144313725961,-0.20366390013949692,0
67,-0.5324745727386138,-0.11068355537652709,0.018499351779352136,0.0005625673297011556,0.006017672173747485,0
68,0.4315782881305738,1.169438363265549,-0.011548153500496424,0.2155958880962871,0.5420821607710234,0
69,-0.4859555642454532,-0.15512747383461167,-0.1525023699234765,0.0192278765556295,-0.08502595886318194,0
70,0.4847237060181905,-0.5872699240328707,-0.06691609560354944,0.004847979625161776,0.02366547317792377,1
71,-0.31975074151945265,0.8546491692158371,-0.18036787497510182,0.5499371324205192,0.29609788124913844,0
72,0.8664998722568443,0.18056135831506195,0.171600029557643,-0.2656191481834893,0.16476065070683768,1
73,0.010121472955924929,0.06363934702056828,-0.21878934288463925,-0.20658758017815634,0.08991524826259077,1
74,-0.38420845212693916,-0.08936377734298477,-0.0707452394220091,-0.07611800193080971,0.06011177488868697,0
75,0.21905905748343393,-0.2622897525671243,-0.07043409801771187,0.06487555353497117,-0.09662652654234029,1
76,-0.18254441189969423,0.23715785646001677,-0.45832055597137006,0.2208858610016671,-0.34611864375972734,0
77,0.8837928253536925,0.1755809884161955,-0.34575201243283826,0.11538067191556965,0.031215172424814735,1
78,1.7010059851905128,0.7018835890209377,0.054342758933958804,0.4458919466766089,-0.3184482931569535,1
79,-0.3075861490790213,-0.031703390646605725,-0.021667093762587,-0.08372359256845636,-0.012958370305049845,0
80,-0.3119001412627139,0.22807211813057135,0.2526546620123224,-0.014598954382759894,-0.242716729944748,0
81,0.2280368082310555,0.3938832707171296,-0.1522411733734418,-0.17573264061254792,0.056597645681129516,0
82,1.7984115535526304,-0.25019165051967496,0.023523124707605182,0.08176175702569274,0.1060774491469295,1
83,0.7973304570826956,0.05523016844285045,0.27030529038692047,0.3763677823140036,-0.08511947983167527,1
84,-0.34312370872112363,0.07492542470146879,-0.04667812332094873,-0.10787161815705164,-0.1061802386158109,0
85,0.5254431188878491,-0.23676535577427332,-0.06094780923024313,0.04431790328039732,-0.19989503982084325,1
86,0.07531871689855289,-0.013945628954743486,0.18648179295647185,0.1627957967203135,-0.06985303783521263,1
87,0.6553136296716835,-0.29542797172850077,0.0639645209764393,-0.19974141314527447,0.06254001329130317,1
88,-0.14586662666712605,0.12025704908555487,0.19519656227006688,-0.048996440804943975,0.02044565967496623,0
89,0.16043340371890402,0.1471605498167641,-0.29064399370663185,0.09272268618117575,0.0032073438424048096,0
90,-0.24166671927747543,-0.24529170859715244,0.17577605843361707,0.010144961942039902,0.007105899294401475,0
91,0.10684694125685357,-0.09639113074428496,0.024969942494069666,0.06513352967121673,0.04031511929714039,1
92,-0.38703016030889437,-0.40099002329588457,-0.10402986788136939,0.015479607593184511,0.18197501427764853,0
93,-0.2904912172664322,-0.13522114253108322,0.01306237526824069,-0.03673968605865563,-0.08702042215353509,0
94,0.5001103822971316,0.1348328636657492,-0.09896573473172361,-0.07582627158252703,0.06773725658278325,1
95,0.6883193659643762,-0.32106972394587124,0.12096513820211052,0.09266107510704354,-0.023520186442227635,1
96,-0.4505192795018163,0.015216492456803869,-0.06504633066461624,0.15731860788709673,-0.09301657398561143,0
97,-0.6839185541054909,0.11738642938542379,0.17919459703315826,0.10487210673827724,-0.09426225723819481,0
98,-0.4104204720918904,0.07983361815036132,-0.29345108232623074,-0.13399811335039022,0.025686978955965445,0
99,0.1386259233514381,0.0835709225136242,0.13406028324145747,-0.058637283983238905,-0.001074419435443803,1
100,-0.03128683642974437,-0.17068892627921012,0.2978324700720311,-0.10767975537742423,0.0027260100562067125,1
101,-0.8233112492446153,0.5118886010911833,-0.12440233138908963,-0.0010504885389065826,-0.339610710823416,0
102,-0.489696120348904,-0.20757685771659568,0.2433849885311699,-0.08885731756753434,-0.009871702492305054,0
103,-0.3351765622173798,0.28194166338082965,0.06893919565739504,-0.11496685443693759,-0.0713184035970273,0
104,-0.5163583090035588,0.18020965464764277,0.04761865187413189,0.13484144467497744,-0.15076716172264867,0
105,0.5228168929654913,0.6323945282398938,-0.253831671688963,-0.24964401299123248,-0.06641954324061383,1
106,-0.12981017185785024,0.27344415848609194,0.08205836693927841,-0.12521734658892247,-0.14331146104684647,0
107,-0.4236176153076949,-0.11622929616997205,0.04451275727693598,-0.20707754428537298,0.0807681833439595,0
108,1.9832905678976893,0.2697094083197014,-0.17836052139744607,0.23703197093834633,-0.034945010552849466,1
109,-0.3328867787769832,0.11803294505914877,0.143707651242949,-0.23250653393864884,-0.03766026490578982,0
110,-0.48915778486043454,0.3258172164161764,-0.02541536951456904,0.17210731661075693,-0.11996065411498326,0
111,-0.06323697385349492,0.2607397765943191,0.09535693048151754,0.2536656076646593,0.057459589609653805,0
112,0.4957367750194056,0.46968024698587146,0.030028478311376245,0.3640504823306112,0.6824920030173613,0
113,-0.32495769570299515,0.4494213695683129,0.060747977673749405,0.23789609930096053,-0.06221212388039876,0
114,-0.4257873221868663,0.4991091032040966,-0.18687273881269292,-0.2098276193462085,-0.07848481489720292,0
115,-0.33858480149213166,0.04823595038943038,0.07585278205178772,-0.11926566078703346,-0.030136216190040022,0
116,-0.48984025945868664,0.4147929742481176,-0.11636486180840712,0.450030191664275,0.27478670230628627,0
117,0.5536716620438729,0.30714487216526654,-0.14416722736986012,-0.2823808643593848,-0.16882377405989007,1
118,0.7920097087143139,0.4000826616325131,0.05306064548516185,-0.2261405015740524,-0.026602931516567552,1
119,0.1405467162446851,-0.380594677326697,0.026995205223746887,0.10142080609021298,-0.21334806479978036,1
120,-0.42131906732136676,0.08692831772370206,-0.3627751442623898,-0.2226459995921679,0.005274497254495136,0
121,0.5226609386944447,-0.18788265010964172,-0.1345367371240312,0.10421786836467375,-0.16784857653577548,1
122,1.8164566065324934,0.2734068271059093,-0.11434284326405499,0.8991362655444695,-0.41500250035327924,1
123,-0.0715872015955173,0.013036332492677672,-0.4101863263632242,-0.03435785044844562,-0.036089560497830075,0
124,-0.2956710007482488,-0.1382152232531653,-0.03479174576427143,0.019592802254339934,0.37541473731407343,0
125,-0.454512448326923,-0.2707772661176363,-0.06516608844877715,-0.08456173879211047,0.0311300573344496,0
126,-0.02151927495131587,-0.07823364544688674,0.27335350487772175,-0.35070912261290915,-0.03911784988442728,1
127,0.29080684620985137,-0.5234765735290826,-0.032857230474497776,0.15599670775480243,0.06949054047382722,1
128,0.21533257604663025,0.18049384266764526,-0.26044023234016545,0.18346641841613592,-0.04050757103857917,0
129,0.835897577510523,-0.16504499702512965,0.13754802150128773,-0.0693410364489745,0.02286023292158497,1
130,-0.31748785891922926,0.18974705176447887,-0.2681603514791638,-0.06078852202662791,-0.1069611273643042,0
131,0.2963166509678768,-0.09299810877381529,-0.09983750280293091,-0.1432617887543004,-0.11716443994098537,1
132,0.2561883513912332,-0.125133100619464,0.10101705609507772,-0.14269791940134982,-0.13154525738001785,1
133,-0.025293401312877425,-0.21758403935455142,-0.2867705552396148,-0.025818950763834277,0.01153091833302952,0
134,0.3945258541569606,-0.3777041230280348,0.08211648928339683,-0.11065029210982487,-0.08829850475082894,1
135,-0.27750037739931377,-0.07085256431950188,0.2521624180370952,-0.14239698940217352,-0.05304897571277512,1
136,-0.4479323030641654,-0.09092214960046217,0.08587459549219867,0.14691437865997353,-0.03700140893260669,0
137,-0.46570683677396674,-0.03823040315305621,-0.11818112274971192,-0.07556532644923841,0.016595454954815524,0
138,0.4184880248905037,0.12904057541557917,-0.15168704478682818,0.4488718490043623,-0.23557078195280234,1
139,-0.34741524805189844,0.17536803793075478,-0.270509572446034,0.18160815656590837,-0.06641395760226297,0
140,-0.8310814767288237,0.07516636647219525,-0.3196145292347831,-0.03608393709023493,-0.10532394965364231,0
141,0.18757430769636152,-0.16457924963882498,-0.06417908405538292,0.0653665551273289,-0.07142332378794174,1
142,-0.41979986187923296,0.12038869877141069,0.06893206222537131,0.017378663548937412,-0.14987307495988555,0
143,-0.24580370274585195,0.011470056263300134,-0.14111071585642437,-0.14736844212009723,0.012306867398874483,0
144,-0.6843549217743272,-0.14316919586372534,-0.06524217788971766,0.04938703763451195,0.1402432377227265,0
145,-0.25311338617822204,0.4596131760056506,-0.2702843966038323,0.17919798996072658,-0.06835200090764319,0
146,0.33613815014034343,0.7023449093630186,-0.05206791943228611,0.01434727152247358,-0.18964315308756238,1
147,-0.028577755867753133,0.04245000953509988,0.09517952097046942,0.30806023779508035,0.22323502884117252,0
148,0.01586426406562429,-0.032043735523548444,-0.24604104303175936,-0.09495741390904272,0.09235084441739126,0
149,-0.43414576919932485,-0.31928333255627855,-0.05685601200417358,-0.058005845364698716,0.208916434214139,0
150,-0.2945240950641487,0.038707638601596636,0.004242310786024151,0.09760829940344846,-0.3544262191524541,0
151,-0.1426840856515673,0.9454180219915244,0.26623338773331345,-0.018315824804221538,0.11746757055658132,0
152,0.6005251476944814,1.3880108611992705,-0.02476587031671363,0.9545467886545782,0.5994981727374694,0
153,-0.5928797412946342,0.02636708662661577,-0.27426707611460943,0.01429009957489963,-0.13740087448200408,0
154,-0.1506024969802168,0.11974977193935633,-0.18012717655656585,-0.07526931005701798,-0.05873143889579728,0
155,-0.3635495484309666,0.00429333225984329,-0.006058886500761186,-0.09413677634106601,0.0006935835854332297,0
156,0.602332248344811,-0.0318168606166882,-0.05840277151123022,0.2166506465057925,-0.029000693598394536,1
157,-0.10928916188170391,-0.46087642415001395,0.1363057769477525,0.16123588323396532,0.12459224866524343,0
158,-0.5351887401607792,-0.097079569565568,-0.2519890884732873,-0.09443892896224027,0.01430653840118414,0
159,-0.7274053383921107,-0.16542348835594928,-0.19841737027087736,-0.04693325803087076,0.06271067269519778,0
160,-0.19575923716906152,0.22122562320358632,0.09093159292599721,0.16120996476116428,-0.18939208344068273,0
161,0.48327897582633167,-0.43535978804099035,-0.32868355402043636,0.38820107920706953,0.047497031941668225,1
162,1.0584106914058078,-0.19955175205383574,-0.1939282847697743,-0.10819854773278226,-0.04550599465242349,1
163,-0.24366011864224912,0.16298059350026328,0.19116876751563275,0.04162457153526959,-0.022054135791478798,0
164,0.9528141145906915,-0.6032272071675495,-0.06825539191666415,-0.05123813307167587,0.05896656284760507,1
165,-0.40825225690799954,-0.4175727088625255,0.04032540529993958,-0.033909763130297636,0.04152342058128225,0
166,-0.6633103698773868,0.020155260203468015,-0.43818089296454205,-0.08280942824465387,0.02570525597105976,0
167,0.20418735773805605,-0.302448984486991,-0.02134159105831711,0.1097344139397099,-0.0006983482655770226,1
168,0.7580923681284734,-0.17824004832216153,0.14936652100814282,0.0916203697536913,0.08185279505936206,1
169,-0.25876839916041244,-0.26146111833859303,-0.10003631939386351,-0.018496079492839563,-0.062136890614173254,0
170,-0.37313195254347026,0.017245194980007986,-0.3519343296665724,-0.013728955464031085,-0.1218867104108655,0
171,-0.11869988695274976,-0.2166477860929479,0.08575029090251353,-0.13024141009809087,-0.053277731947544454,1
172,0.5154460400122689,0.25067560945862444,-0.45793340296778884,-0.12005148545031237,-0.025093560232458293,1
173,-0.6016001219434869,0.13239287234133615,-0.1287674454476465,0.3308021556915294,-0.0782345352028397,0
174,-0.781519333816925,-0.05700310157987442,-0.04288374696875382,0.19807314210680896,-0.17832199398200277,0
175,-0.8913094216621767,0.12708098194982131,-0.1698111976996633,0.05900466071639271,-0.0813586555475067,0
176,-0.06665471639742672,0.7823931708644534,0.1434459847781739,0.521458357240673,0.31720359208083737,0
177,0.5515282710977076,0.1226556739551209,0.01760746326325037,-0.10371059448099805,0.19129564087935533,1
178,-0.727687949200847,-0.5110584765235777,0.22488979936209347,-0.008340108070057181,0.1526636709230728,0
179,-0.6299890987488944,-0.2119970528008857,-0.2521638655684597,0.06943817353763827,0.03978381525796314,0
180,1.6783407025078894,-0.7303824121669688,-0.09176222658298956,0.012353952430738387,-0.12738478925428454,1
181,1.518145978291537,0.19237084721304848,0.04463632232278021,-0.25722439590718293,0.04839931467414462,1
182,0.188155303562978,-0.210757912577213,0.116360564631719,-0.24010117674886788,-0.004702948366605997,1
183,-0.46766799864940894,0.017740792231281183,-0.15191938672521607,0.20942544778414135,0.27094562129681937,0
184,0.017829644963873598,-0.10826442362307527,0.04639516582016064,-0.3182639630888144,0.1044113017660913,1
185,-0.6951887731770332,0.07541007712527613,-0.06633159050247907,0.06378105298127892,-0.2520380463317846,0
186,0.21747206421110185,-0.47692570488320235,-0.11431316031497944,-0.26086627930628964,0.08251526088848166,1
187,-0.40133611645332007,-0.04539845395462953,-0.12472136323293877,-0.07046681881291557,-0.020393117408392506,0
188,-0.5299569200386973,-0.017166840934471156,0.08696121222389612,0.03499727633918288,-0.2187239236868057,0
189,-0.5098469838022789,-0.163049602901061,-0.12826215370669927,0.03283405472623706,0.11327152433875733,0
190,0.8617235394213842,1.0564376420363277,0.3954776068090614,0.06035320830808266,0.34512371124971186,1
191,-0.40026108937727023,-0.12583056833702236,0.10722583230378357,0.3753802708477073,0.020432382242022085,0
192,-0.9219136477555095,-0.10574740689341555,0.3232514018311765,0.4752724099066953,-0.029093281393130412,0
193,0.2429258382421762,0.41415272063612296,0.4488386612252559,-0.2164982478711959,-0.06769478261961304,1
194,0.4477332261929526,0.2416663692503908,0.06312818405419537,0.020062516764404383,0.17670156404030934,1
195,-0.4048414523712744,-0.15146930014968774,-0.09249690756636272,-0.037973133097225505,0.0796268179536455,0
196,0.3311242410018921,0.3180028036759306,0.23575477382966775,0.07484382574615943,-0.2354906185724274,1
197,0.15364061321184438,-0.4169394650577308,0.05607889953105648,0.3201540861957693,0.25984973340277545,1
198,0.616691625930083,-0.3110382833966267,0.10963616343556472,-0.1621566608127117,0.14709822150675814,1
199,0.307156555924692,0.1297392032514978,0.009291288701867927,-0.4524476858662597,-0.03732168551552107,1
200,-0.22234505514447864,0.025815942577745752,0.077249278980968,-0.07273194118352402,-0.11284444744261778,0
201,0.37569914047757413,-0.2805100655998214,-0.08217752500276505,-0.13784778140895973,0.1083702389569707,1
202,1.5260967627424218,-0.0868348784588676,0.08476901115573574,0.11257606273087407,0.02049460735278663,1
203,0.7056565903265831,0.5322392462262246,0.31585730030925613,-0.340625977602567,-0.4518884543683387,1
204,-0.13180261395515067,0.1136557662256655,-0.03487521444712877,-0.07929871836110308,-0.057894649382926267,0
205,0.02624803688855032,-0.07858445375091551,-0.2183573806119553,-0.25222105708511855,0.08417885695966014,1
206,-0.5713104842594512,0.1841795012311605,-0.02535736050156397,-0.01671895412566881,-0.23294658072515337,0
207,0.0727486536316646,-0.40500892464022437,-0.04765988352574536,0.060802369669433115,-0.07179629185256761,1
208,0.05938690869711587,0.3178542386726506,0.11454800201590098,-0.20284231463917604,0.031194921650445264,0
209,-0.21748099430353424,-0.33660113056485674,-0.3486463966165497,-0.1519361489237112,0.21691648012529752,0
210,0.7332548198840424,-0.4430528533640884,0.023900290426759282,0.3155859356400337,0.03235405706315841,1
211,-0.4562128066820901,-0.05671669739826615,0.018163352449381904,-0.10948861277997955,0.06777094332371025,0
212,1.4655668754006173,-0.9271359269797675,-0.36452519335301764,1.1455143187377956,-0.4030440256381534,1
213,0.34150412547308834,0.04382007091911019,0.236222912408818,0.753258601266648,0.2282810241789312,1
214,0.36328594766230093,0.3333419667427943,0.29486504542687386,-0.007388258934747057,-0.19022130683838745,1
215,0.23006729908975634,0.33385025498215903,-0.04798418109123199,-0.1735138114351885,0.04505595927502471,1
216,-0.12149855429731188,0.28094835166288723,0.08086932457674162,0.06025272536139871,0.02127822077821664,0
217,-0.5350888268609467,0.10398674094244188,0.10686981244972296,0.21115039232525085,0.12283132606826182,0
218,0.7426883404153943,-0.38340405224568747,-0.012429047125328675,0.09492711292666864,-0.07946096207776604,1
219,0.7204636055673009,-0.6269216631992942,0.5538130840264484,-0.1669130073253394,0.019667302745298834,1
220,-0.32535732550715873,-0.08903458109685128,-0.32488119882984673,-0.13796973688130973,0.12949023595135384,0
221,-0.13229122599903032,0.08824931997495938,-0.3226626882075577,-0.08565927663239596,-0.02112796580045808,0
222,-0.5154557884313249,0.25135680773570857,-0.03750992292507226,-0.01408745635443185,-0.1898000566898277,0
223,0.33705884732107677,0.06170690148317453,0.032281371159679544,-0.2992436829792432,-0.05010983549646877,1
224,-0.34771252769271244,-0.21148387690139483,-0.06677313093976846,-0.0865140196022072,0.06271644220164012,0
225,-0.1367714625446469,-0.16582680773379693,-0.32231134129185735,0.0686631803413263,-0.14349684410068478,0
226,-0.621175547269548,0.08797601036101955,-0.15875628811532716,-0.08697208458554982,-0.12266615356746506,0
227,-0.005603163628017495,-0.07695190282964116,-0.2317593736900651,-0.11135870420178107,0.24065037758063462,0
228,-0.18681919035768627,-0.018715862698090693,0.25282278165705124,-0.22228850723273053,0.23374892309912365,0
229,0.4616709822155904,0.5625988932370973,0.09201741145510858,-0.2953332991755487,0.045060652785640844,1
230,0.68854104416194,0.07572658789512336,-0.2016613661333313,-0.2992747311887565,-0.08204712867731391,1
231,-0.6202304749335026,-0.2059939726194224,0.39171705555204445,-0.10612205725768366,0.127498987797722,0
232,-0.5829344301041982,-0.20596154424511506,0.7097290759210019,-0.08305802832776735,-0.063760792540801,0
233,0.6175121970837877,-0.5603866282461475,0.29266246280381436,-0.07930467951378463,0.09237395329812498,1
234,-0.6430996061248787,0.13839598695809563,-0.12699540907492898,-0.026592461768226418,-0.07506833940693299,0
235,-0.3362857677727252,-0.21976370430949818,0.1775498993606572,-0.04716424927191065,-0.02190644225164545,0
236,1.3583115763795532,-0.5125655799010048,0.09466695671156107,-0.032289666271293566,-0.05959583540692793,1
237,0.4268575442746717,-0.6092898946428986,-0.015396340159564427,0.11668779464585731,0.12620230167965746,1
238,-0.07026295115201998,-0.17811060451947772,0.5718065941770138,0.03958436922048559,0.1950946713008585,0
239,0.6350494563875971,-0.2593763058967914,0.632987185936501,-0.2517428391935155,-0.0010397927917680885,1
240,-0.3126113854672836,-0.16872791744718107,-0.2204111196234574,-0.010483961915793283,-0.020349790408824377,0
241,-0.6512498943227364,-0.25467802041003934,-0.14709401517294132,-0.08684808541310471,0.0806685348943106,0
242,0.11817079422953808,0.6556974407074093,0.12025615803767714,-0.052742811179977936,0.3230727722522644,0
243,-0.3219133877332593,-0.25983061600655705,0.15326592339421305,0.13122688624670198,0.10951135135195435,0
244,0.6382293322705282,-0.16109826067100808,0.11861719419219016,0.12981878948255268,-0.1182465556374386,1
245,-0.4260630652767323,0.22802271503832033,0.24392624470852473,0.1975197709152346,-0.33646118291930244,0
246,-0.47317800337675636,-0.2091259442838702,0.12245361004682508,-0.014672080878809399,0.134625818344661,0
247,0.16653787903125594,0.333068292112058,-0.247431584706761,-0.15620706878761462,0.5687100524251698,0
248,-0.4265181540117326,0.11003409154880844,0.3627783201445821,-0.15622966315088385,-0.22739749469021686,0
249,-0.37643638459078843,0.0807853462082829,-0.1568710647411905,-0.07114958094170523,-0.07609477776713959,0
250,1.1039920409415351,-0.2637945155769196,-0.06823843031191992,0.1863872023308726,0.0769513758637936,1
251,-0.4926444489814793,-0.079822481595984,-0.05341089640693569,0.02381623171952886,-0.07964359737041564,0
252,1.1401054970032,0.10962219206058331,-0.14423563064846331,-0.1340119024757479,0.2291058401220663,1
253,0.33954554449446167,-0.2261240865227505,-0.16752599963783277,-0.1716010967606302,-0.026693063482899584,1
254,0.6735719760670146,-0.35902451039145233,-0.18867096514268877,-0.18927380006431818,-0.04802515936390169,1
255,0.0905485085289527,0.09691043637272909,-0.17140315195851716,-0.09240763358500645,-0.0587756373253557,1
256,0.9998954782262516,-0.2157655447625555,0.2712262814951455,0.04463558512685053,0.09585459307237412,1
257,0.8079583714372739,0.5978329447155177,-0.2469991817719473,0.02017296577959833,-0.14195083881002282,1
258,1.2231468189830839,0.5827575018983974,0.14367738854566353,0.3900247529112624,-0.06605328637436471,1
259,0.6930890169963466,0.24138185928863815,0.6385965660511461,-0.5301643164697544,-0.09721486863564763,1
260,0.6718142701710851,-0.4521060598687455,0.2613435481141878,-0.2498781553478202,-0.1277025428859921,1
261,-0.0865331168488495,-0.5210183547946449,0.18112631269470936,-0.04861614817897703,-0.04913061516527144,1
262,0.42197599674822783,-0.18230457855107632,0.08346611279526069,0.31676921181501383,0.04711037033414376,1
263,-0.20338525531322385,-0.4385914020224916,0.11613751974447803,-0.17209447541332298,0.1146466226320833,1
264,0.37654085180521196,-0.2977231053073294,0.0002433784762476819,-0.2921350475875203,-0.09193477571938309,1
265,0.9918711247949797,-0.7778414103741463,0.506152019880647,-0.03804834982510676,-0.24345905974768936,1
266,-0.3116878742811919,0.24104277833645446,0.007129068913117257,0.15830525772172646,-0.0015519014406892044,0
267,-0.32867561453528193,-0.1930788229112137,0.24970929005763087,0.1151804905494314,0.10391801338135145,0
268,-0.3741652620974353,-0.01656355842198479,-0.05007063019613351,-0.029264039811351217,-0.08270216107898512,0
269,-0.2240082263697509,0.3806940548528391,0.09429803590949602,0.1688772553440859,0.09496745922984001,0
270,-0.6346702493324712,-0.48450124794171706,-0.09368842298301955,-0.01292279198797349,0.177791077298581,0
271,-0.4680207773401881,0.07356749005088713,-0.31473604235695335,-0.09593312790887129,-0.026751402228090505,0
272,1.141164029830394,-0.3811345671988763,-0.042422126876345966,0.20433314220257942,0.12958299052099603,1
273,-0.6253069907321925,0.18389465664356616,-0.06853672695371377,0.04894087655615291,-0.21295353196854727,0
274,0.11659770800128565,-0.4709779802777524,0.2525520240473943,-0.09569294341796208,-0.037741472968683826,1
275,-0.2717257482641865,0.09367653924783616,-0.08784967160811534,0.35841501456566305,-0.3547244882202714,0
276,-0.7114637032532246,-0.06797669780618808,-0.1444230475795942,0.06260498106157265,-0.1855710075787902,0
277,0.09904927835796924,-0.5365949967258139,-0.08381309225362922,0.02243181452188959,-0.0028603348177688886,1
278,-0.498644200447407,-0.3786826134802265,0.030923909216787532,-0.04429505090396332,0.05724632233871753,0
279,-0.24855344732356324,-0.11092055047253056,-0.17497383692706192,-0.05585163106589884,-0.045027569874120946,0
280,0.8414230420074991,-0.13613287705430696,0.19278581273349477,-0.21924502608196586,-0.1105624203563708,1
281,-0.4545388102708735,-0.03964270126049005,-0.17422579028684707,0.23692307436069196,-0.05367963364416383,0
282,0.7287059206740353,-0.2217944610175404,-0.1182780465407988,-0.18144324090904432,-0.06602730904500169,1
283,0.5111672468081868,0.13747474701816878,-0.11413661325364359,-0.1477254360072997,0.16038238218684203,1
284,-0.2201271292600587,-0.04317731689167879,-0.0934494458969399,0.19579455278306762,0.37620409748045175,0
285,-0.6660607275631428,-0.2318977528688081,0.030148175250015185,0.0986656861261372,-0.05503461179279465,0
286,-0.15777224983781532,0.1830920146483799,0.14075411990387254,0.10506918719091546,0.28051485040984697,0
287,-0.6195768659534162,-0.3047625208548426,-0.2702000630336254,-0.008138689330205826,0.2608378970020608,0
288,-0.1152597120912032,0.39167398857567104,0.08753910341386573,0.6188063298207179,0.10739421745395836,0
289,-0.5018914145098339,0.006110317857817525,0.12910574982670717,0.13667330268197417,-0.13181306079173993,0
290,0.21953582709613292,0.3710233561155053,0.05202640856751957,0.7706512053480303,0.4443082704959072,0
291,0.003094784763856885,-0.1006509147637864,-0.026514079316730648,-0.13763606587687702,0.027587297155036737,0
292,-0.22148724250925808,0.16412045870765837,-0.18083197280996866,-0.07496752209970466,-0.05237997505046893,0
293,-0.4150185383876274,-0.03754507762993421,0.019138024617933957,-0.09944716612352485,-0.06619287824946277,0
294,-0.49143125198696513,-0.09930286461333761,-0.2669951954507582,-0.0632315497699876,-0.01968136364735946,0
295,-0.48781840001800886,-0.21495134705785357,-0.28441274567035535,-0.019454330311455385,-0.01533263843414111,0
296,-0.7514693799616109,-0.11298269907796553,-0.25171003060954533,0.16090025749881687,0.13630618201970732,0
297,-0.43470097099898103,-0.10449214439182287,0.03689808958278084,0.19295411669591342,-0.07532009689007815,1
298,-0.37229680765923284,-0.36170757414513394,-0.00448761022178984,-0.12135923607231372,0.23112280182678413,0
299,-0.5961423444226827,0.07219576490829896,0.12057162198594173,0.19279594889978746,-0.11219133331873422,0
300,0.9863948278625801,-0.14300847120017707,-0.14596104555429643,0.06611091917130056,-0.024439854784214492,1
301,-0.27866672585329766,0.04363912406275496,0.017976669505672685,0.15534021906226209,0.15399747562580163,0
302,1.0319160390523165,0.028929960950229323,0.055125808407104106,0.3043060793720807,-0.09655794390550708,1
303,-0.5627115859320467,0.10776027533061107,0.04428516045365897,-0.019143956353973535,-0.10659890323564021,0
304,-0.5033686696218971,-0.03591790392828055,-0.02579494386994574,0.056317163930699805,0.13115270773979504,0
305,-0.5088297782532706,-0.08356299394022393,0.3551553240071424,0.10880983714591709,-0.008821757247072742,0
306,-0.5901999326694135,-0.23008637959832745,-0.14932630234580185,-0.10975633273948406,0.04786212405809765,0
307,-0.8715215460959265,0.058892645319407,-0.06135372248229889,0.08566080167883616,0.007060471135975415,0
308,-0.6865432601321522,-0.45618236410527246,-0.24798426280005556,0.014784933913418728,0.15901308961488322,0
309,-0.6270248711851221,-0.3696781237619804,-0.22274937143372128,0.04258959831601606,0.07271253082352708,0
310,-0.5224341048048203,-0.023525069883218536,0.08854944563401031,-0.04539859068632554,-0.1254183499653467,0
311,-0.4666717384518687,-0.461603454414234,-0.12049791094671079,0.010851804419667932,0.041586362134252874,0
312,-0.3490828207482992,-0.02250089536349005,-0.27484011165431776,0.024782086351202274,0.15639857102445734,0
313,-0.6220991867306729,-0.029630951981345632,-0.3969544030261256,-0.06824394407971016,0.05807267729613426,0
314,-0.7556077032428125,0.4837846128600828,0.16815645618480662,0.44390185201108373,-0.507442828973166,0
315,-0.7115943212805532,-0.34014448248174806,-0.11863696552648748,-0.04143850677226392,0.08604083810824666,0
316,-0.7292093552818188,-0.27018918127685815,-0.2290518405117349,0.04964290604420061,0.07015891788458326,0
317,0.415418658330342,-0.3062511136047412,-0.16042027981776374,-0.18375312865923452,0.004122182916939351,1
318,0.06995950505567626,0.9050365418313763,0.06271503107632972,0.3648440641721249,0.18224999496216443,0
319,-0.6646219245680561,-0.27516475014597636,0.03690175668428624,0.36198883569621004,0.06165038694032485,0
320,-0.2836292805419804,0.4424985817018693,-0.08139042655505518,0.15762107059760153,0.018690831244516908,0
321,0.3615568054198942,-0.6197385052634466,-0.1553782267152223,0.08387878929007438,0.010236485817704801,1
322,-0.24680811777819292,0.07688710771306674,-0.2214407462919666,-0.1445264133567394,-0.04835856511371234,0
323,1.2522504845894737,0.06580872628848623,-0.07264411399691174,-0.2160276197243338,-0.2948044961343545,1
324,-0.4800263526850021,-0.08999970790581341,-0.13298531074887499,-0.10198631234711619,0.039227085751870505,0
325,-0.4390266499080798,-0.0650806352407162,-0.11548279085191272,-0.0508298446524848,-0.12965752076221906,0
326,-0.45188393279014044,-0.27480857302618095,-0.24590362341658106,0.0026327299720115003,0.0034637545604674124,0
327,-0.7012610453706506,-0.267779897846365,-0.021619512704099633,-0.012835949910157851,0.1087705893387077,0
328,0.40874380610080535,-0.007488287763514473,0.02016171732087727,-0.12032667556006409,-0.1686931518068611,1
329,0.28633929169164124,0.09904138720797732,0.019041019143411424,0.2624230142753345,-0.14160453708801027,1
330,0.37578397310226824,0.004799612732843235,-0.22390243541916718,-0.17893448313988833,0.16147496029972966,1
331,-0.11125665988273056,0.16843857018706176,-0.07689874369515547,-0.07667132920251642,0.10497442510720532,0
332,-0.5770862283200116,0.09934408091608042,0.1379454729876062,0.1585275646371261,-0.3937191996101633,0
333,-0.6971937668108695,-0.11407851502917342,-0.08941044288611598,-0.041157785363619706,-0.0433244155227737,0
334,-0.5849471909375036,-0.16793217948680803,0.14605107802461506,-0.007604307283348471,-0.04678293545503703,0
335,0.5230384214021019,-0.1973685048363939,0.13684665246232391,0.0955492001599021,-0.15867571763040744,1
336,-0.39137534284215997,0.10453025723451755,-0.25731420910356784,-0.006466375612355203,0.15179470427937183,0
337,0.7305483429430689,-0.13659174317759915,0.14943268599604476,-0.08433610148416779,-0.00044437450997736956,1
338,-0.5128894753534253,0.16037655049628638,0.1034290024977279,0.0029444255817804455,-0.18014359526136786,0
339,1.213004449456087,-0.6857352323306939,-0.04500242807252043,0.03603136421276528,-0.1653098700214963,1
340,0.0658393789366497,0.055595763518740196,-0.17171115349794486,-0.09106938553313741,0.10252482344141807,0
341,-0.33411965897116547,0.38753166554520674,-0.027892171271247376,-0.0926237392761613,0.2016963401668226,0
342,-0.3167611892230742,0.2679805155368028,-0.19096496229602242,-0.10657463621383122,-0.04183686063550268,0
343,0.8382250293947545,-0.1959144859616332,0.1813048091449239,0.12548349126042035,-0.0797906213913397,1
344,-0.3741662417061685,0.1358205179359399,-0.24518873446539807,-0.0005112862236241728,-0.22507229664293732,0
345,-0.5083777953225749,0.3719387392796313,-0.0018219455762949306,0.4145473794212167,-0.09798074451704071,0
346,-0.5277037525700382,-0.10204130653273134,0.08448577901119145,-0.07381646510135731,-0.03836582501211367,0
347,-0.14233641466785688,-0.1903103360022721,-0.2849381718766151,-0.08476774616419872,0.09399942097365943,0
348,-0.5047189223222901,0.0576956621598092,-0.13731948815474868,-0.12466651309525673,-0.09947391568289357,0
349,-0.38994774850929714,0.2166533354098676,-0.23165696736869296,0.09459552131158194,-0.2470935945943395,0
350,-0.6443304683601856,-0.21729763251773968,-0.10400110118952939,0.054480672797977824,0.0453351512600639,0
351,0.9230844243845413,0.7110228112879798,-0.11370327320217341,0.22960087354194852,-0.02877798048244522,1
352,1.8260975939183866,-0.42585805410611977,-0.3876512697223882,0.05961859184440084,-0.07139524032766424,1
353,0.3016726603790565,0.030531385437719348,0.25289517998077776,-0.0036064083608461812,-0.10184641564276492,1
354,-0.5675166239016454,-0.02303540572654761,-0.19797144240617937,0.2867296346123646,0.23995076122272269,0
355,-0.19971535150595915,0.05558973431950023,0.01973245277723902,0.2832211949994431,0.20117582410536292,0
356,0.01604235230530679,0.2624453149959461,-0.0073482586773376355,0.12370934863032128,-0.03006472073769438,0
357,-0.4625391314609459,-0.2832628632263698,-0.008216010894360436,-0.013960111195886369,0.006994179558128972,0
358,-0.5929182101571061,0.2051334123627623,-0.1128972938859491,0.3216098510916516,0.05295183543692775,0
359,-0.569429586448403,0.10595485901164527,0.03737432396688908,-0.0011910075933407856,-0.08911890527103242,0
360,-0.7139190320173106,-0.4119900645301202,-0.033621608797703165,0.08765742859128571,0.05185057297018438,0
361,-0.3781318113595786,-0.1815962870387644,0.1871551036122955,0.007500113609949054,-0.008490326893112521,0
362,-0.3609488047016073,-0.03272154379451303,0.03497393396204517,-0.05692095333698985,-0.0496650093415309,0
363,-0.06977090974171048,-0.3222575694325938,-0.02339004367915023,0.023685923225113564,-0.04905936423999306,0
364,-0.4382864163779095,-0.2134253880824436,-0.11074228136782509,-0.14634473199622566,0.09418180904159558,0
365,0.51716499359952,-0.5513221675064106,-0.06326638368381769,-0.014435483071744405,-0.01251369691928128,1
366,0.9398550120710836,-0.2178795472750424,0.23079039687763978,0.3126852783693354,-0.06749836218432892,1
367,-0.3241075952337086,-0.030899022774992995,-0.04712460479916715,-0.15819488607468607,-0.01477516440859226,0
368,0.7948594934655613,-0.8841643600783284,-0.19592215357204726,0.11237047362482495,-0.19074749448212203,1
369,1.2136456760961694,-0.4235591584068632,-0.1871369627254965,0.04877558766218466,0.016801690578633087,1
370,0.7094822492880982,0.19340028145902263,0.0993769774525236,-0.16696872635848706,0.05511763632599596,1
371,-0.3231933278743776,-0.30028198476505613,-0.3344022153830878,-0.029007469717755557,0.12395091219708704,0
372,0.7289336779259338,-0.28608577301457566,-0.2881772440203707,0.05072520206695422,0.06871982609268466,1
373,0.6842007140997214,-0.4999406918785635,-0.2544581250231474,-0.12522991927340793,-0.008575137781996476,1
374,-0.3751642800357409,-0.16689387187875038,-0.1706383930313846,-0.1029784363161958,0.06392470200583925,0
375,0.05036573120158026,-0.020172508782705347,-0.27822497375666316,-0.08712224395484966,0.0253453835068929,0
376,0.1949352349892174,0.8146331142601457,0.02590414972769447,0.24962720907469446,0.5192590667720699,0
377,-0.43139619278519226,-0.32589522753568195,0.4254088221294636,-0.14116676875739462,0.07357420106823859,0
378,-0.2222033029361163,0.013378161187521581,-0.1942150087293087,-0.15356498591344464,0.16638294180497043,0
379,0.6399631595878372,1.0088557949613373,0.06190322970559644,-0.610160388827243,0.025068379377027484,1
380,-0.13412504859264437,0.3656787650057551,-0.2663218230413053,-0.1347663131454284,-0.20564604508814446,0
381,-0.4991896756719602,0.04207692353351738,-0.11555862281238151,-0.0364971765778307,0.05823790301021964,0
382,-0.23660251728352,0.07492274178994315,0.2496372316838833,0.11475805720556354,0.4931978464808887,0
383,-0.11198542825994408,0.2778324292337465,-0.07367539613924003,-0.09732212499180518,0.11163036982645279,0
384,-0.30643494694156387,-0.12056897121107964,-0.2660138902676768,-0.10343949569078888,0.2058770038768258,0
385,-0.041762444376578306,-0.20745149082837794,0.22923254297696613,0.018422932440877966,0.007896190256882074,1
386,-0.32768738345144593,0.025727013867163657,-0.1737834504500769,0.018920320171469735,0.28610150888141667,0
387,-0.5115384651337785,-0.37611286142253414,-0.1320091715443134,0.026890707947476486,0.21471392752056023,0
388,-0.21846884029931232,0.40007142732199347,-0.11162699005685653,0.27522806272907524,0.4233618372356453,0
389,0.6932363303133057,-0.1304954666795306,0.2000969631832148,0.4511959542059758,-0.017067191156863018,1
390,-0.5692632355814053,0.14126678700146364,-0.32482714298931653,-0.08664285258200434,-0.05508113186081831,0
391,-0.7108727648108578,0.32584955948366096,0.06132945228030603,0.16790889636746903,-0.29300364726851125,0
392,0.673909465642876,0.1718630945816246,-0.011362300938828245,-0.1179759676046264,-0.08687801763962895,1
393,1.3246780181369602,-0.04115247576629574,-0.10736483012480506,-0.13399750407785666,-0.02269080271620914,1
394,-0.32282676105000363,0.07198330188431737,0.02700513731619048,-0.017654628045277555,-0.19246293582543095,0
395,-0.38987512934251006,-0.267852503780176,0.02948664731045643,0.028064585730632034,0.04112005615718503,0
396,-0.006816101147519451,0.04907507980994928,0.0071583504662254965,-0.1393435519822583,-0.007114437790024355,0
397,-0.30768967434371375,-0.1233349736571671,-0.05062969617432014,0.18606552476698873,0.26012780670799324,0
398,-0.5782451486229402,-0.04646395209775959,-0.1300263551811037,-0.12987175771795434,0.20808148168959512,0
399,-0.4512816721037598,-0.02987893250951102,-0.008244545418301361,-0.05199155599121365,-0.007595175171355216,0
400,1.0858152317044907,0.39364327083152395,-0.10642307673193749,-0.2700750833159074,0.03054652797100835,1
401,-0.5031242711929305,-0.12701037904165569,-0.22797359197668846,-0.10605310110386258,0.008670328788518483,0
402,-0.34086220612692425,-0.0821299759928906,0.05008240482134332,0.10483478336507321,0.18722376524257608,0
403,-0.3474865363725731,-0.032676204412985035,-0.10863333277199234,-0.13867864565478613,0.015136376563634807,0
404,-0.5874928558760464,-0.20291092779504302,-0.2001136235501734,0.1754852993852517,-0.0027388414148909216,0
405,-0.39755033644293253,0.09673268804850574,0.0764358836788016,0.08090744942069045,-0.0577270458904382,0
406,-0.09094170694973724,-0.2694841004663763,-0.26714032842374147,-0.09359584162440739,0.032060394428066,0
407,-0.309865340537557,-0.041470375021221764,0.2109947763753483,0.27252160701432715,0.25421394373300454,0
408,0.5203099283147525,-0.12590014642007366,-0.10233921938035953,-0.11804694876418621,-0.05103810413157933,1
409,-0.31575007257052756,-0.03963594614563848,0.12185356082378176,0.015431025505594054,-0.08376570912625374,0
410,-0.4111546192142332,-0.04656187456660132,0.23404049192192872,-0.22820206150046446,-0.07582971512674282,0
411,-0.4461789274220974,0.0736612547401659,0.005637539909736745,-0.119406501343729,-0.13610937406596124,0
412,-0.6614612483067942,0.10511505673367695,0.22326391450295235,-0.02590932877343963,0.2449881920404076,0
413,0.04765173733699774,-0.0799223297417522,0.18955388786784624,-0.07296339234561279,0.1380457603726699,0
414,-0.17010312479245138,-0.34693068111812214,0.48050637662394957,0.07024954907108853,-0.13966321998164707,1
415,-0.3252785096718318,0.12100701828329663,0.10691378151832133,-0.024693434668626717,-0.1455681044659265,0
416,-0.5327107146794384,0.29463044487633294,0.3535064040255304,0.18868201885746674,-0.3775025194467905,0
417,0.7710553192653533,0.07766566086519927,-0.030084787910620747,0.1460686105998442,-0.12477999593966496,1
418,-0.44200110303969825,-0.02386314826363702,-0.29778346836770697,-0.07904787346748576,0.05122465487900859,0
419,-0.5549924819386985,-0.018622421921846852,0.19775174034279222,0.0036922446887204916,-0.1791219426092918,0
420,-0.3570639455368353,0.09266958159952288,0.10269839205646758,-0.01240103182070103,0.005195467746053266,0
421,0.2285573617281793,0.32421805713862906,-0.2320220639192232,0.26679079426278035,0.0409273771788,0
422,-0.23535593590588805,0.16789245538743872,-0.20869569319383363,-0.07895324372493301,-0.048696741791196374,0
423,-0.0008586269560405634,0.03108442617425288,-0.01858676511822201,-0.09932211242941653,0.19966420565358323,0
424,-0.46239262635439055,0.35115895898401805,0.038777515680109065,0.23042133532358286,-0.40924666147177424,0
425,-0.7381341915429416,-0.06464657228557996,0.20779308480420708,-0.058799244709968196,-0.0029470685022525128,0
426,-0.2765553252571377,0.3533574743993676,-0.10552471205256356,0.013006760257725977,0.08560152049918725,0
427,-0.39695362408905843,0.05174586842861475,0.26711651630497313,-0.0430084868702022,-0.060336712224063796,0
428,-0.7063291131715121,-0.1343326821510179,-0.0799061842404529,0.022699805124904653,0.07447108458516276,0
429,-0.5961238578284236,-0.3040283797618323,-0.06432462771523502,0.06090753770063568,0.056592299228501584,0
430,0.8572976031419409,0.5002574113642065,0.025702448010724226,-0.1541357893734973,0.43330204513910614,1
431,-0.1991860949773899,0.30824526195422686,-0.03009241380539825,0.06758928289536338,-0.008449995169334241,0
432,0.8296620102777184,-0.11927822109820643,-0.17097653878661045,-0.011856154391935844,-0.07710421877135883,1
433,0.6645885003230115,-0.14737944746039086,0.11582900648152805,0.16627802878858688,-0.058197975244313666,1
434,-0.29806223924063413,-0.2670535820702688,-0.16033229969007617,-0.04074580100254734,0.046956404741410294,0
435,0.2153043261374021,0.1188074884015899,0.035114189903255814,-0.35205829172457087,-0.008585910417367257,1
436,-0.37052551020682933,-0.06000798211617947,-0.015431528577269205,-0.049594834109035695,-0.08575948512917791,0
437,-0.33088635697142155,-0.1978389395370868,-0.11762943053016767,0.05370613450258662,-0.019553091416412958,0
438,-0.3978019837436388,-0.2879618692617734,0.12818185705945573,0.04629579024425643,-0.0368946084843101,0
439,-0.43909430121461945,-0.33046982059045527,-0.19083271190049778,-0.00838061949918263,0.1317131682981178,0
440,-0.055304218245971135,0.312701174217921,0.054345315524369296,-0.05806360374123705,0.2914323898041161,0
441,0.43201169284782504,-0.22102662763579836,0.32206071119961033,-0.045701581688868946,0.1876232452823044,1
442,-0.5360244114482705,-0.31865996335803093,-0.21905468808586756,0.034106426401141025,0.09844126940470503,0
443,-0.672145877974243,0.020410864990273208,0.13660818153504473,0.24938188908675646,-0.10441985288210187,0
444,0.27379447672063084,-0.2920792897979634,-0.2174742650669598,-0.15587312250016366,0.12953566719268317,1
445,-0.19399458738382214,0.1437952531759889,0.2103973281177194,-0.012404849052718584,-0.06018794983094765,0
446,0.6397823475879245,-0.1983850649601394,0.3144402465173151,-0.2802995375480958,0.08033991308822161,1
447,-0.20905136190239496,-0.15204645982674023,-0.1195516378819851,-0.11819407056146392,-0.040469224699390335,0
448,-0.13517101996781725,-0.222266928971341,0.0998764468335141,-0.07186159073611768,0.21723986055129324,0
449,0.8205116727785488,-0.5340585139318271,0.006949081731405041,-0.0579468773502897,0.025812325354790076,1
450,-0.23051655320101122,0.16173828509575222,0.24678399667428416,0.18457408551300486,0.5104970996022129,0
451,0.4815965312954292,-0.38441556510943503,0.12917777219442952,0.046058550152958275,-0.12316693397943296,1
452,-0.3500703990128228,-0.03900879629011809,0.5150194641912801,-0.04194227683872037,0.06448016399914168,0
453,-0.1395175947102843,-0.07529282890322692,-0.3320782014753637,0.008883337061174985,-0.07922334140792228,0
454,-0.38164440316959947,-0.12704793636044623,-0.11181803068221591,-0.17795442580432255,0.018812790955047384,0
455,-0.26992424993160474,-0.2402999419383582,0.6072625644937488,-0.04574507829465057,-0.03261063611174502,0
456,-0.24428132229419494,0.09124245615079864,0.5935287247447502,0.017330871733456182,-0.1250165057540191,0
457,-0.3979763808023898,-0.2454242405583556,0.32942978556690455,-0.12361151205494182,-0.049991688473443825,0
458,-0.4595774939291048,-0.2974502614711565,0.28239686470833314,-0.08690622016285635,-0.04304511243643683,0
459,-0.6334783381963339,-0.07811555425342213,0.523676144989657,-0.05837853342936216,0.019811028871200866,0
460,0.47958066377087505,-0.21644444528017903,0.23845094490415436,-0.004582903284803944,-0.20004027265086602,1
461,2.1879567808173976,-0.8789227116172971,-0.05551177265221962,0.6563879419372184,-0.1792107272595048,1
462,-0.3580610423762209,-0.3769323453370985,0.31205094789059834,-0.050987290377043776,0.12877893885069402,0
463,-0.4423093014588747,-0.018781935696753387,-0.012706841390184681,-0.13363349208158815,0.04465805369359856,0
464,-0.3386973292616884,-0.23839257168575448,-0.04390953759409138,-0.1428867633191342,0.1539639526909925,0
465,0.16254325355257684,0.2652205867349013,0.060528576247585224,-0.11106860703324131,0.5347725121937192,0
466,-0.03839917872430509,0.03835597816233194,0.0336045911984095,-0.10302387474310748,0.2180221772603788,0
467,-0.6639547890534295,0.10710200616738398,0.07018148307778578,0.02605334249229622,-0.13181417525397862,0
468,0.8478825548131538,0.1577151641939666,0.10009871251573091,0.2389580077436865,0.365716227850142,1
469,0.05046247492199139,0.4838653386076445,-0.004333244220376729,0.03954522637771625,-0.18766824213353098,0
470,-0.49797026725162014,0.19727942024067482,0.06751620978355208,0.020899837543819945,-0.08698048719064691,0
471,-0.40237413213791834,-0.1634379673291752,0.4905569824883657,0.2229253731244017,-0.10674568219722576,0
472,-0.14242774215843126,-0.23643680639866105,-0.2593325714299482,-0.13700761600477185,0.2399290514663804,0
473,-0.6223191399109981,-0.2473386476722656,0.7370539910953985,0.2643137713270321,-0.16835070072817063,0
474,-0.3249987650877768,0.3013710290802352,-0.1810304174819088,-0.19590600290434906,0.17405907338183174,0
475,-0.26035790491434463,-0.00905729426881477,-0.20563600877812663,-0.17656992982248812,0.11625988877394737,0
476,-0.04841442359716828,-0.12174658982262722,0.061605956318221355,-0.07037343084753134,0.20430218019754295,0
477,-0.43969686266466174,-0.30585884839829025,-0.10251651701195368,-0.0947645508410184,0.19780711123314215,0
478,-0.3696825368734976,0.1794639572904421,-0.12421085426745399,-0.0824717888179367,0.006962015969623879,0
479,0.609561498242669,0.3056790169639042,-0.1123602145997817,0.10820732589867765,0.16677435373997856,1
480,-0.44418481134818993,-0.07646589423195509,0.07396693673881309,-0.10445666470922768,0.07512635103598643,0
481,-0.34166904060388487,-0.33556690466424843,0.034380671940793604,-0.0936179597516732,0.12427243539075494,0
482,-0.12598711091936302,0.10558143387691706,-0.3107010307187773,-0.1926706375558763,-0.03176894511589822,0
483,-0.2961619881891759,-0.15822354366194227,-0.08889735961440443,-0.09486360667193532,-0.004228008613149628,0
484,0.10834816831269976,0.010574674277261567,-0.48308618480721954,-0.17614182432472114,0.0549298323386999,0
485,0.2003481129236732,0.5428737617644863,-0.09565180769133715,0.30163868457482673,0.3365079167556313,0
486,-0.2760966528472282,-0.34009896021174935,-0.03660636544892865,-0.1170520839015871,0.1376221116252897,0
487,0.858790705739641,-0.15935590386102433,-0.04668616844495365,-0.10917499456303632,-0.029354849318934142,1
488,-0.29670165823891614,0.14859481261122048,-0.13591165757521514,-0.019654135784006436,-0.205861155986805,0
489,-0.06472030726379284,-0.36459446749290714,0.005895434237488572,-0.2103785896606011,0.08558279100256079,1
490,-0.432656159613115,-0.1418774698025593,0.23916597122763242,-0.17480198415904089,0.012219405039771529,0
491,-0.1836063444439296,-0.6615270129638733,-0.2662020790653581,0.10231733146817255,0.14678839966425022,0
492,0.4452992717930837,-0.1867906085454331,-0.040763403820625765,0.17851201120632731,-0.1556987397368725,1
493,-0.6728903088342965,-0.16899018149517545,-0.17339078492905372,0.27320981731392097,0.04886727716618357,0
494,-0.4541339814048339,-0.1918612434382788,0.17888071087230928,0.051716414845042746,0.027168103081495802,0
495,-0.15836641843879454,-0.24017699497493938,0.10136021223940164,0.013497036268403184,-0.004197367514653501,0
496,0.003706416106281337,0.2631998110741681,-0.13672234802512961,-0.24145573613689214,0.04628846222194736,0
497,-0.329619404451712,-0.07503097712204912,-0.058395503637359666,-0.2105983018114074,0.08119363598070169,0
498,0.5702705151088454,-0.14075444379899973,-0.19329565946008137,0.1008336540358198,0.0007073199500196995,1
499,0.9060481863364129,-0.24270066604713053,-0.021096103565389466,-0.0549795379777586,0.004099809633329683,1
500,-0.047049123813738526,-0.08835685448284579,-0.2002269814801534,-0.00650076310035965,0.09554033064463495,0
501,0.38177395448060886,0.4851203522527002,0.20843518788517224,-0.08891812360593515,-0.2125165066098573,1
502,-0.2386403609136925,0.21064625572741622,-0.14902523432612738,-0.011890106599930889,-0.24828041782489,0
503,1.0950426387348207,-0.736487554752428,-0.21627267602808023,0.21922887102313543,0.049223267193505435,1
504,0.015352896072140363,1.1176759829329128,-0.3656681966414027,0.0853570577801154,-0.3257030702500746,0
505,0.037938463698978235,1.1186648808136643,-0.24751126880427815,0.135482898436882,-0.2152086295638577,0
506,-0.2045132292559233,0.24577525825247215,-0.031108970359940022,-0.1285582768259446,-0.02110585573728188,0
507,-0.2592825070128536,0.5311718147823852,-0.1392850705498499,-0.013763404527328929,-0.19891677821579384,0
508,-0.08959355435807653,-0.26262867301804893,-0.2990603559169798,-0.06592041768658555,0.0212687500503647,0
509,0.6787821683509832,0.4153597489191147,0.2702080228163618,-0.09074434207008983,0.01851699242479124,1
510,-0.3094703954774727,0.18652661673793788,-0.19733523988819543,0.06089246453271255,0.3478441624430797,0
511,-0.3771158688349406,-0.3339996138365526,-0.25412719821679863,0.0183341376712162,0.06129710194057466,0
512,0.40301930631511557,0.35607510147408633,0.007771293547053357,-0.2613481569017461,-0.05234604717997686,1
513,-0.14893300176026317,-0.18380408184371183,-0.31304727871054794,-0.016327255184717535,0.04666085924138914,0
514,-0.05678575192866539,-0.2514968063235412,0.03320437208076577,-0.07253670336568188,0.06563207810933924,1
515,-0.3678881387963965,0.1290686384205241,-0.05068549036286674,-0.049634789792746235,-0.18059912804756478,0
516,0.4957712366406498,-0.23911718803887894,-0.09328415436723657,-0.08080655185460377,-0.11656094747985161,1
517,0.6151535255394206,-0.3069034814365624,-0.1307963417594883,-0.09418081627736168,0.01063393083773673,1
518,-0.05129241689384493,0.20787682848106695,-0.0840322178388603,-0.04493398110391637,-0.12417970743522953,0
519,-0.2262231372148452,0.15460385920843442,-0.14657160957153023,-0.052809099065071724,-0.20982903829030503,0
520,-0.34448736402598423,0.6869237720540826,-0.24844673218520474,0.09544686577100604,-0.4858726919236196,0
521,1.4104195744426844,-0.4307372732216018,-0.18570626327731962,0.0829226844512811,-0.036385464174949214,1
522,-0.6812560502366446,-0.11612332174173988,0.09479731940138802,-0.07823927312427015,0.0097517193219826,0
523,-0.08512032093629741,0.09657103747234151,-0.011302733171495495,-0.06673323698013688,-0.02376571281146161,0
524,-0.5264859855160221,0.19117265881498943,-0.046944038749346446,-0.05566418792538146,0.000980384395142254,0
525,-0.5458654766744959,0.4079727037052279,-0.233114772800049,-0.2112756322258702,-0.054456465288827215,0
526,-0.06551757534632378,0.07493094490236475,-0.08863706518582244,-0.3540428193160111,-0.08857042266966254,0
527,-0.4054738884742233,-0.08454788419847668,-0.28090620771073166,-0.24278467494553874,0.052263775539767285,0
528,-0.048593713624137086,0.16371822457942145,-0.23733599228681806,0.4072347517635388,-0.1598091887525162,0
529,-0.38286743404977924,0.107074113003001,-0.33801747607033145,-0.09774983514736113,-0.11587069865225409,0
530,-0.2525988705902291,0.08540765088139755,0.0711436574661747,0.03827317330043311,-0.10135388193325298,0
531,-0.2680048802156974,0.15859160665265262,0.074527602984162,-0.2748744885587418,-0.07526190015569055,0
532,-0.358512715429711,-0.18736868571644455,-0.19846125600534037,-0.19267407748532348,0.014765288718249026,0
533,0.6371834000193877,-0.4184230556547662,-0.008710420114949519,0.254898533047263,-0.06841469199377738,1
534,-0.3345598871549794,0.19965412271174246,0.06607932717628956,-0.02408044057789567,0.06526372346910968,0
535,0.9082852349888428,-0.2759843376680798,-0.15498001304192116,0.04499286538740053,-0.050772888789525315,1
536,0.14511965744624822,0.05973955352978089,0.24947962622243233,-0.08419297674337414,0.010181575430301723,1
537,-0.00041827734411011653,0.4960464191381519,0.2570793804334168,-0.04069299287769198,-0.28290596450058875,0
538,-0.7826660036390726,0.2800110067371731,0.377002808417179,0.06399965870916909,-0.16980320899224927,0
539,-0.34269818896402876,0.7265727477755622,0.38641058722144506,0.08888733842933234,0.09425143941035911,0
540,-0.3338058526540992,0.2767451916445453,-0.105706335405331,0.2037694097024374,0.03165704948433814,0
541,0.15177086031054615,0.12922232072687448,0.24210503859668292,-0.09548356220683235,0.16549408262736337,0
542,-0.1632244880818487,-0.28186176870933316,0.27452047215676006,-0.01590466012452395,0.021255828242782285,0
543,-0.32273200008607833,-0.24521073093904755,0.45482004672616505,-0.047955180200634065,0.0018863828828578524,0
544,-0.26733619819128246,-0.04429052125793179,0.025915317324438282,-0.01907950722229634,0.04335248926435173,0
545,-0.3054533812718654,-0.18341068566136368,0.18733075227420792,0.007722021872786879,-0.03256283289455847,0
546,-0.6924744300968209,0.02264003538528513,-0.07530421511030291,-0.043196813245629906,-0.10593122838161281,0
547,-0.43882445977760404,0.2880774007081874,-0.05349769007565302,-0.01970401532478452,0.054139470910372606,0
548,-0.654359984169977,0.038498224838665766,0.11279763965044028,0.05155955907499102,0.013841770325673849,0
549,-0.49281628620737605,0.019883615286793083,0.3460538016371777,0.09079276950954698,-0.13497319420823953,0
550,-0.7718841987253694,-0.1493268674588753,0.16130199651466862,0.13668452191489838,-0.034187999350439965,0
551,-0.37866221755603935,0.15288004416940448,0.19322766720483187,0.07361880308360627,0.00510747680083584,0
552,-0.43035364951243466,-0.23952696527192846,0.4692089674230026,-0.04494403362607074,-0.041851594557419505,0
553,-0.6543996999133599,0.171645206832382,0.20643928134173814,0.28923253631006146,-0.05462586047184098,0
554,-0.31797117196327934,-0.1547979485892263,0.45869971732487136,-0.052691786006106016,0.07262131650747305,0
555,-0.3582239226158001,0.16532687384823846,0.49391040883851955,0.07580758775052315,0.011132283683100465,0
556,-0.6625296737608455,0.11576192943340123,0.10947838646668445,0.19465908142915261,-0.18095735935857246,0
557,-0.7404388423561507,-0.027931486773230554,0.5923838117543917,0.2396407614452116,-0.19697790582497676,0
558,6.735587823473099e-05,-0.05897990497247596,0.13093925946350923,0.05000727698054439,0.37966605885665833,0
559,-0.17210416123621966,0.15519961085558048,0.4916475183109422,0.057242886765181224,0.12331991029150652,0
560,-0.08971821468574333,-0.06382241443165394,0.32971068709965884,0.052015809648983516,0.024579012899991412,0
561,-0.768077804573392,-0.355024780473653,0.7744304571233183,0.2151199481918451,0.0007341778271932105,0
562,1.0021628461004035,0.5685339590694956,0.49043271757386064,-0.4046889436092838,0.349034965286391,1
563,1.3593468001565974,-0.01724844225633357,-0.020035514500845515,0.1769390138330674,0.06177202333176148,1
564,1.0028397975445527,-0.47478467540944813,-0.10004074654349839,0.272994618092184,-0.08388792128275732,1
565,0.6207565381136524,-0.517200391723565,0.40036048552532444,0.1824432934295331,-0.09298408356225202,1
566,0.22631131346171418,-0.287945764717983,0.3152240466521744,-0.011746843307896923,0.2185169268952607,1
567,1.6778336886241214,0.3359459546945552,0.2961160079697148,-0.1563048668470513,0.07020433160910598,1
568,-0.9050680409573,-0.10410874832696991,0.3828598844724158,0.06836052760896384,0.07298668008851297,0
